{
  "train_losses": [
    0.5705852640731972,
    0.512871864811313,
    0.43905962287449124,
    0.3358215138223723,
    0.2379772507473681,
    0.16551773732523936,
    0.11610929590775437,
    0.085888496730795
  ],
  "val_losses": [
    0.5082127824515275,
    0.519306254050197,
    0.560022919646737,
    0.5831775160890672,
    0.7087565671002605,
    0.8826330711109972,
    1.0395107783016397,
    1.1945732459803706
  ],
  "train_accs": [
    0.6992681811251715,
    0.7463419946420404,
    0.7939624942826651,
    0.8532637814997931,
    0.9029033171432927,
    0.936625792259273,
    0.9581316838368218,
    0.9710909764119094
  ],
  "val_accs": [
    0.7447683434684881,
    0.7384781585962956,
    0.7355857190151766,
    0.7590214493561708,
    0.7553971877123591,
    0.7638305657681518,
    0.7632729870537193,
    0.7660086076214041
  ],
  "val_f1s": [
    0.6930851954640724,
    0.695198722214774,
    0.6890991853918061,
    0.696326134552308,
    0.6896648943116364,
    0.688456464376777,
    0.6882138218622731,
    0.6876301296948748
  ],
  "test_loss": 0.5813809754391849,
  "test_acc": 0.7564817396152774,
  "test_f1": 0.6940959855618568,
  "config": {
    "model_name": "bert-base-uncased",
    "max_length": 256,
    "train_bs": 32,
    "lr": 3e-05,
    "epochs": 8
  }
}